{
  "extends": ["tslint-config-airbnb", "rxjs-tslint-rules", "tslint-config-prettier"],
  "rulesDirectory": ["node_modules/codelyzer"],
  "rules": {
    "no-increment-decrement": false,
    "prefer-array-literal": false,
    "arrow-return-shorthand": true,
    "callable-types": true,
    "class-name": true,
    "forin": true,
    "deprecation": {
      "severity": "none"
    },
    "import-blacklist": [true, "rxjs/Rx", "@angular/material", "jsbi"],
    "interface-over-type-literal": true,
    "member-access": [true, "no-public"],
    "member-ordering": [
      true,
      {
        "order": [
          "public-static-field",
          "protected-static-field",
          "private-static-field",
          "public-instance-field",
          "protected-instance-field",
          "private-instance-field",
          "public-constructor",
          "protected-constructor",
          "private-constructor",
          "public-static-method",
          "protected-static-method",
          "private-static-method",
          "public-instance-method",
          "protected-instance-method",
          "private-instance-method"
        ]
      }
    ],
    "no-arg": true,
    "no-bitwise": true,
    "no-console": [true, "debug", "info", "time", "timeEnd", "trace"],
    "no-construct": true,
    "no-debugger": true,
    "no-duplicate-super": true,
    "no-empty": true,
    "no-empty-interface": true,
    "no-eval": true,
    "no-inferrable-types": [true, "ignore-params"],
    "no-misused-new": true,
    "no-non-null-assertion": true,
    "no-shadowed-variable": true,
    "no-string-literal": false,
    "no-string-throw": true,
    "no-switch-case-fall-through": true,
    "no-unnecessary-initializer": true,
    "no-unused-expression": true,
    "no-var-keyword": true,
    "object-literal-sort-keys": false,
    "prefer-const": true,
    "radix": true,
    "triple-equals": [true, "allow-null-check"],
    "unified-signatures": true,
    "variable-name": false,
    "no-output-on-prefix": true,
    "no-inputs-metadata-property": true,
    "no-outputs-metadata-property": true,
    "no-host-metadata-property": true,
    "no-input-rename": true,
    "no-output-rename": true,
    "use-lifecycle-interface": true,
    "use-pipe-transform-interface": true,
    "component-class-suffix": true,
    "directive-class-suffix": true,
    "ter-arrow-parens": false,
    "cyclomatic-complexity": [true, 20],
    "rxjs-no-unsafe-takeuntil": true,
    "ban": [true, "fdescribe", "fit"]
  }
}
